d23dc832-2051-452f-a669-291b78180479	0	20201020-102	1
d23dc832-2051-452f-a669-291b78180479	0	20201020-18	2
d23dc832-2051-452f-a669-291b78180479	0	20201020-17	2
d23dc832-2051-452f-a669-291b78180479	0	20201020-101	2
d23dc832-2051-452f-a669-291b78180479	0	20201020-148	2
d23dc832-2051-452f-a669-291b78180479	0	20201020-63	0
d23dc832-2051-452f-a669-291b78180479	0	20201020-157	2
d23dc832-2051-452f-a669-291b78180479	0	20201020-7	1
d23dc832-2051-452f-a669-291b78180479	0	20201020-132	1
fb30edf4-8710-41cc-b5b5-5d5127c44956	0	20201020-21	2
fb30edf4-8710-41cc-b5b5-5d5127c44956	0	20201020-106	2
fb30edf4-8710-41cc-b5b5-5d5127c44956	0	20201020-105	2
fb30edf4-8710-41cc-b5b5-5d5127c44956	0	20201020-14	0
fb30edf4-8710-41cc-b5b5-5d5127c44956	0	20201020-36	1
fb30edf4-8710-41cc-b5b5-5d5127c44956	0	20201020-65	1
fb30edf4-8710-41cc-b5b5-5d5127c44956	0	20201020-7	2
fb30edf4-8710-41cc-b5b5-5d5127c44956	0	20201020-63	0
fb30edf4-8710-41cc-b5b5-5d5127c44956	0	20201020-148	2
2908ca52-0d00-4044-8773-9843e265a4f4	0	20201020-24	1
2908ca52-0d00-4044-8773-9843e265a4f4	0	20201020-87	2
2908ca52-0d00-4044-8773-9843e265a4f4	0	20201020-106	0
2908ca52-0d00-4044-8773-9843e265a4f4	0	20201020-8	2
2908ca52-0d00-4044-8773-9843e265a4f4	0	20201020-149	2
2908ca52-0d00-4044-8773-9843e265a4f4	0	20201020-148	1
2908ca52-0d00-4044-8773-9843e265a4f4	0	20201020-103	2
2908ca52-0d00-4044-8773-9843e265a4f4	0	20201020-25	2
2908ca52-0d00-4044-8773-9843e265a4f4	0	20201020-19	0
263ba3cf-8a5e-4c7a-a611-7550ddf25dee	0	20201020-102	2
263ba3cf-8a5e-4c7a-a611-7550ddf25dee	0	20201020-18	-1
263ba3cf-8a5e-4c7a-a611-7550ddf25dee	0	20201020-63	0
263ba3cf-8a5e-4c7a-a611-7550ddf25dee	0	20201020-132	0
263ba3cf-8a5e-4c7a-a611-7550ddf25dee	0	20201020-157	2
263ba3cf-8a5e-4c7a-a611-7550ddf25dee	0	20201020-148	1
263ba3cf-8a5e-4c7a-a611-7550ddf25dee	0	20201020-15	0
263ba3cf-8a5e-4c7a-a611-7550ddf25dee	0	20201020-7	1
263ba3cf-8a5e-4c7a-a611-7550ddf25dee	0	20201020-67	0
bb17d118-bc11-4b0d-87f0-2bf836cdc37e	0	20201020-18	2
bb17d118-bc11-4b0d-87f0-2bf836cdc37e	0	20201020-102	0
bb17d118-bc11-4b0d-87f0-2bf836cdc37e	0	20201020-35	0
bb17d118-bc11-4b0d-87f0-2bf836cdc37e	0	20201020-13	0
bb17d118-bc11-4b0d-87f0-2bf836cdc37e	0	20201020-60	-1
bb17d118-bc11-4b0d-87f0-2bf836cdc37e	0	20201020-59	0
bb17d118-bc11-4b0d-87f0-2bf836cdc37e	0	20201020-148	2
bb17d118-bc11-4b0d-87f0-2bf836cdc37e	0	20201020-34	0
bb17d118-bc11-4b0d-87f0-2bf836cdc37e	0	20201020-61	1
c291cdb9-60ef-4047-8602-e1a0db067423	0	20181925-26	2
c291cdb9-60ef-4047-8602-e1a0db067423	0	20181925-6	2
77bccded-79cb-4524-9ae2-13bf5b06cbf0	0	20181925-26	2
77bccded-79cb-4524-9ae2-13bf5b06cbf0	0	20181925-6	2
90c2ab11-4796-4634-9b52-39a1b203b08f	0	20192023-28	1
90c2ab11-4796-4634-9b52-39a1b203b08f	0	20192023-25	2
90c2ab11-4796-4634-9b52-39a1b203b08f	0	20192023-19	2
90c2ab11-4796-4634-9b52-39a1b203b08f	0	20192023-32	2
90c2ab11-4796-4634-9b52-39a1b203b08f	0	20192023-18	2
90c2ab11-4796-4634-9b52-39a1b203b08f	0	20192023-24	0
90c2ab11-4796-4634-9b52-39a1b203b08f	0	20192023-14	0
90c2ab11-4796-4634-9b52-39a1b203b08f	0	20192023-20	0
90c2ab11-4796-4634-9b52-39a1b203b08f	0	20192023-26	0
0f0a4f68-4038-48a8-8e40-991d7998483e	0	20192023-14	2
0f0a4f68-4038-48a8-8e40-991d7998483e	0	20192023-25	0
0f0a4f68-4038-48a8-8e40-991d7998483e	0	20192023-13	1
0f0a4f68-4038-48a8-8e40-991d7998483e	0	20192023-32	0
0f0a4f68-4038-48a8-8e40-991d7998483e	0	20192023-19	0
0f0a4f68-4038-48a8-8e40-991d7998483e	0	20192023-20	0
0f0a4f68-4038-48a8-8e40-991d7998483e	0	20192023-2	2
0f0a4f68-4038-48a8-8e40-991d7998483e	0	20192023-33	0
0f0a4f68-4038-48a8-8e40-991d7998483e	0	20192023-15	2
9c14e4d9-f73a-44f9-9c44-93db9890c3a4	0	20192023-34	2
9c14e4d9-f73a-44f9-9c44-93db9890c3a4	0	20192023-37	0
9c14e4d9-f73a-44f9-9c44-93db9890c3a4	0	20192023-38	2
9c14e4d9-f73a-44f9-9c44-93db9890c3a4	0	20192023-39	2
9c14e4d9-f73a-44f9-9c44-93db9890c3a4	0	20192023-35	2
9c14e4d9-f73a-44f9-9c44-93db9890c3a4	0	20192023-36	2
9c14e4d9-f73a-44f9-9c44-93db9890c3a4	0	20192023-33	1
9c14e4d9-f73a-44f9-9c44-93db9890c3a4	0	20192023-32	1
9c14e4d9-f73a-44f9-9c44-93db9890c3a4	0	20192023-41	1
82819792-27d9-433d-b613-a770ea7ff736	0	20192023-43	2
82819792-27d9-433d-b613-a770ea7ff736	0	20192023-42	1
82819792-27d9-433d-b613-a770ea7ff736	0	20192023-18	0
82819792-27d9-433d-b613-a770ea7ff736	0	20192023-23	0
82819792-27d9-433d-b613-a770ea7ff736	0	20192023-47	0
82819792-27d9-433d-b613-a770ea7ff736	0	20192023-16	0
82819792-27d9-433d-b613-a770ea7ff736	0	20192023-2	0
f496767f-a980-4ba1-9c7b-8eff7be5070b	0	20192023-44	2
f496767f-a980-4ba1-9c7b-8eff7be5070b	0	20192023-47	1
f496767f-a980-4ba1-9c7b-8eff7be5070b	0	20192023-46	1
ad232ab5-fb57-450d-9ebd-09d795065d7d	0	201633-27	2
ad232ab5-fb57-450d-9ebd-09d795065d7d	0	201633-31	1
ad232ab5-fb57-450d-9ebd-09d795065d7d	0	201633-19	1
ad232ab5-fb57-450d-9ebd-09d795065d7d	0	201633-23	0
ad232ab5-fb57-450d-9ebd-09d795065d7d	0	201633-15	1
ad232ab5-fb57-450d-9ebd-09d795065d7d	0	201633-16	2
ad232ab5-fb57-450d-9ebd-09d795065d7d	0	201633-29	2
ad232ab5-fb57-450d-9ebd-09d795065d7d	0	201633-21	2
ad232ab5-fb57-450d-9ebd-09d795065d7d	0	201633-9	1
ef4bacea-107f-42c0-b6d0-29d87ca9c8cf	0	201623-31	2
ef4bacea-107f-42c0-b6d0-29d87ca9c8cf	0	201623-6	1
ef4bacea-107f-42c0-b6d0-29d87ca9c8cf	0	201623-1	1
ef4bacea-107f-42c0-b6d0-29d87ca9c8cf	0	201623-14	0
ec660d9c-cb0f-4281-88d8-1644081f7c79	0	201634-13	2
ec660d9c-cb0f-4281-88d8-1644081f7c79	0	201634-3	2
cf27bcd0-4692-4984-8b65-33fc618226a8	0	201620-46	2
cf27bcd0-4692-4984-8b65-33fc618226a8	0	201620-5	1
cf27bcd0-4692-4984-8b65-33fc618226a8	0	201620-2	1
6977ba14-7cef-4b5d-b9cf-283f811d6d11	0	201622-27	2
6977ba14-7cef-4b5d-b9cf-283f811d6d11	0	201622-26	0
127e57df-7d86-48b3-9229-cf27b45ba08a	0	201627-28	2
212bfc25-eee0-4cac-b62f-3338890c3808	0	201608-21	2
3432029e-9dd1-42bf-bc48-5205ca728059	0	20181903-49	2
3432029e-9dd1-42bf-bc48-5205ca728059	0	20181903-18	2
3432029e-9dd1-42bf-bc48-5205ca728059	0	20181903-14	2
3432029e-9dd1-42bf-bc48-5205ca728059	0	20181903-51	1
3432029e-9dd1-42bf-bc48-5205ca728059	0	20181903-50	1
3432029e-9dd1-42bf-bc48-5205ca728059	0	20181903-26	2
3432029e-9dd1-42bf-bc48-5205ca728059	0	20181903-34	2
3432029e-9dd1-42bf-bc48-5205ca728059	0	20181903-22	0
3432029e-9dd1-42bf-bc48-5205ca728059	0	20181903-4	0
4f04e456-14ce-43b1-b510-4ff5103aa4c3	0	20181917-35	2
4f04e456-14ce-43b1-b510-4ff5103aa4c3	0	20181917-33	1
4f04e456-14ce-43b1-b510-4ff5103aa4c3	0	20181917-25	2
4f04e456-14ce-43b1-b510-4ff5103aa4c3	0	20181917-21	0
4f04e456-14ce-43b1-b510-4ff5103aa4c3	0	20181917-28	1
4f04e456-14ce-43b1-b510-4ff5103aa4c3	0	20181917-20	1
4f04e456-14ce-43b1-b510-4ff5103aa4c3	0	20181917-34	2
2031dca5-1385-4685-aadd-8bd160aab8b1	0	20171831-33	2
2031dca5-1385-4685-aadd-8bd160aab8b1	0	20171831-27	0
2031dca5-1385-4685-aadd-8bd160aab8b1	0	20171831-23	0
2031dca5-1385-4685-aadd-8bd160aab8b1	0	20171831-26	0
2031dca5-1385-4685-aadd-8bd160aab8b1	0	20171831-34	0
2031dca5-1385-4685-aadd-8bd160aab8b1	0	20171831-19	0
69088570-ebdf-4a41-952a-5e87d2c5311a	0	201651-24	2
69088570-ebdf-4a41-952a-5e87d2c5311a	0	201651-3	2
69088570-ebdf-4a41-952a-5e87d2c5311a	0	201651-5	0
3eb7d12e-7b78-4db9-9a2c-79029db98dce	0	20171825-30	2
3eb7d12e-7b78-4db9-9a2c-79029db98dce	0	20171825-31	0
3eb7d12e-7b78-4db9-9a2c-79029db98dce	0	20171825-11	1
3eb7d12e-7b78-4db9-9a2c-79029db98dce	0	20171825-3	2
d1c8518a-56e5-4d26-b276-5bc8643a0150	0	20192002-42	2
d1c8518a-56e5-4d26-b276-5bc8643a0150	0	20192002-43	1
3bbd4cde-8a07-4285-a9c1-b77c328434a2	0	201653-5	2
3bbd4cde-8a07-4285-a9c1-b77c328434a2	0	201653-7	0
7d874bfb-4361-4da6-9317-a1d41f66b9fd	0	20181901-2	2
7d874bfb-4361-4da6-9317-a1d41f66b9fd	0	20181901-5	0
62482ef9-c21a-4f71-b8b3-bf6f3953eda9	0	201647-20	2
1d1ecb2c-2856-4527-83ac-23a79b1b6365	0	20181916-44	2
1d1ecb2c-2856-4527-83ac-23a79b1b6365	0	20181916-43	2
1d1ecb2c-2856-4527-83ac-23a79b1b6365	0	20181916-41	2
1d1ecb2c-2856-4527-83ac-23a79b1b6365	0	20181916-42	2
1d1ecb2c-2856-4527-83ac-23a79b1b6365	0	20181916-5	0
1d1ecb2c-2856-4527-83ac-23a79b1b6365	0	20181916-34	1
1d1ecb2c-2856-4527-83ac-23a79b1b6365	0	20181916-14	0
1d1ecb2c-2856-4527-83ac-23a79b1b6365	0	20181916-36	1
1d1ecb2c-2856-4527-83ac-23a79b1b6365	0	20181916-35	1
e37d3688-a676-4d29-98a8-5cbdd07643e8	0	20192013-25	2
e37d3688-a676-4d29-98a8-5cbdd07643e8	0	20192013-11	1
e37d3688-a676-4d29-98a8-5cbdd07643e8	0	20192013-18	2
e37d3688-a676-4d29-98a8-5cbdd07643e8	0	20192013-5	2
955130f6-97db-41d1-9b14-c6cd2505d32f	0	201645-33	2
955130f6-97db-41d1-9b14-c6cd2505d32f	0	201645-30	2
955130f6-97db-41d1-9b14-c6cd2505d32f	0	201645-27	0
955130f6-97db-41d1-9b14-c6cd2505d32f	0	201645-3	2
955130f6-97db-41d1-9b14-c6cd2505d32f	0	201645-31	2
b41c6e33-dd45-4d00-bfd7-89e8a4b5f2ca	0	20171830-2	2
b41c6e33-dd45-4d00-bfd7-89e8a4b5f2ca	0	20171830-35	2
b41c6e33-dd45-4d00-bfd7-89e8a4b5f2ca	0	20171830-36	2
b41c6e33-dd45-4d00-bfd7-89e8a4b5f2ca	0	20171830-37	2
eaf5ec37-fb28-4e65-9289-481513ab6f64	0	20181902-28	1
eaf5ec37-fb28-4e65-9289-481513ab6f64	0	20181902-29	2
eaf5ec37-fb28-4e65-9289-481513ab6f64	0	20181902-12	0
eaf5ec37-fb28-4e65-9289-481513ab6f64	0	20181902-3	2
9179392d-9c08-40e6-a058-7da154d1d186	0	20192003-3	2
9179392d-9c08-40e6-a058-7da154d1d186	0	20192003-34	1
9179392d-9c08-40e6-a058-7da154d1d186	0	20192003-35	1
737c62b4-7288-43d0-8f97-44a07cdcec65	0	20171818-6	2
737c62b4-7288-43d0-8f97-44a07cdcec65	0	20171818-1	0
a8467a68-b68f-4e42-9ef4-f25379a0a35a	0	20171824-43	2
63848274-0055-4cf1-a734-f7f1702b187a	0	20171819-6	2
18f2404f-f066-44c0-b330-c613475e03a4	0	20181909-55	2
18f2404f-f066-44c0-b330-c613475e03a4	0	20181909-54	2
18f2404f-f066-44c0-b330-c613475e03a4	0	20181909-41	2
18f2404f-f066-44c0-b330-c613475e03a4	0	20181909-47	2
18f2404f-f066-44c0-b330-c613475e03a4	0	20181909-21	2
18f2404f-f066-44c0-b330-c613475e03a4	0	20181909-56	1
18f2404f-f066-44c0-b330-c613475e03a4	0	20181909-53	1
18f2404f-f066-44c0-b330-c613475e03a4	0	20181909-1	0
18f2404f-f066-44c0-b330-c613475e03a4	0	20181909-39	0
032d334c-ffc9-4d20-bd99-e9e05e250417	0	201657-50	1
032d334c-ffc9-4d20-bd99-e9e05e250417	0	201657-4	2
032d334c-ffc9-4d20-bd99-e9e05e250417	0	201657-3	2
032d334c-ffc9-4d20-bd99-e9e05e250417	0	201657-7	0
032d334c-ffc9-4d20-bd99-e9e05e250417	0	201657-12	0
032d334c-ffc9-4d20-bd99-e9e05e250417	0	201657-1	0
032d334c-ffc9-4d20-bd99-e9e05e250417	0	201657-46	0
032d334c-ffc9-4d20-bd99-e9e05e250417	0	201657-29	1
032d334c-ffc9-4d20-bd99-e9e05e250417	0	201657-51	0
271116d2-936b-43b8-943c-92f48f347695	0	20181921-3	2
271116d2-936b-43b8-943c-92f48f347695	0	20181921-9	1
15ad82f4-c56c-4298-b490-58a2faa0f535	0	201643-51	2
15ad82f4-c56c-4298-b490-58a2faa0f535	0	201643-52	0
15ad82f4-c56c-4298-b490-58a2faa0f535	0	201643-50	0
15ad82f4-c56c-4298-b490-58a2faa0f535	0	201643-45	0
15ad82f4-c56c-4298-b490-58a2faa0f535	0	201643-27	0
35d3f2bb-0063-4168-bb46-35cb7544fb7e	0	20171823-23	2
35d3f2bb-0063-4168-bb46-35cb7544fb7e	0	20171823-32	2
35d3f2bb-0063-4168-bb46-35cb7544fb7e	0	20171823-34	1
35d3f2bb-0063-4168-bb46-35cb7544fb7e	0	20171823-29	1
85053149-485a-46cb-8d6b-1f63e59472fe	0	20181905-58	2
85053149-485a-46cb-8d6b-1f63e59472fe	0	20181905-59	1
85053149-485a-46cb-8d6b-1f63e59472fe	0	20181905-60	2
c0a12088-c5ae-4fdb-998c-77c9829f17ae	0	20181911-2	2
39c9ba40-8918-443c-b449-92d6d7d92301	0	201655-19	2
2f78005e-8ed8-4060-b59c-5f63f8614042	0	20181906-3	2
10f3395a-fb5e-4b2c-ba2c-eaad46585166	0	20171829-40	2
10f3395a-fb5e-4b2c-ba2c-eaad46585166	0	20171829-39	1
10f3395a-fb5e-4b2c-ba2c-eaad46585166	0	20171829-21	2
10f3395a-fb5e-4b2c-ba2c-eaad46585166	0	20171829-38	1
10f3395a-fb5e-4b2c-ba2c-eaad46585166	0	20171829-35	2
10f3395a-fb5e-4b2c-ba2c-eaad46585166	0	20171829-17	0
10f3395a-fb5e-4b2c-ba2c-eaad46585166	0	20171829-5	2
10f3395a-fb5e-4b2c-ba2c-eaad46585166	0	20171829-34	2
10f3395a-fb5e-4b2c-ba2c-eaad46585166	0	20171829-32	2
e0f42831-3dcf-4dd6-ad7e-85818a91daf1	0	20171814-50	2
e0f42831-3dcf-4dd6-ad7e-85818a91daf1	0	20171814-47	1
e0f42831-3dcf-4dd6-ad7e-85818a91daf1	0	20171814-49	1
e0f42831-3dcf-4dd6-ad7e-85818a91daf1	0	20171814-46	0
e0f42831-3dcf-4dd6-ad7e-85818a91daf1	0	20171814-34	1
e0f42831-3dcf-4dd6-ad7e-85818a91daf1	0	20171814-30	1
e0f42831-3dcf-4dd6-ad7e-85818a91daf1	0	20171814-48	1
e0f42831-3dcf-4dd6-ad7e-85818a91daf1	0	20171814-26	1
e0f42831-3dcf-4dd6-ad7e-85818a91daf1	0	20171814-5	0
185f1971-dc56-4406-a733-55bd1d5d8441	0	201659-13	2
185f1971-dc56-4406-a733-55bd1d5d8441	0	201659-7	1
185f1971-dc56-4406-a733-55bd1d5d8441	0	201659-14	0
185f1971-dc56-4406-a733-55bd1d5d8441	0	201659-2	1
185f1971-dc56-4406-a733-55bd1d5d8441	0	201659-6	1
185f1971-dc56-4406-a733-55bd1d5d8441	0	201659-4	0
185f1971-dc56-4406-a733-55bd1d5d8441	0	201659-9	2
185f1971-dc56-4406-a733-55bd1d5d8441	0	201659-1	0
185f1971-dc56-4406-a733-55bd1d5d8441	0	201659-3	2
e8d2d509-adfc-43fd-a2cf-5d64027286e6	0	201649-20	2
e8d2d509-adfc-43fd-a2cf-5d64027286e6	0	201649-3	2
e8d2d509-adfc-43fd-a2cf-5d64027286e6	0	201649-12	0
e8d2d509-adfc-43fd-a2cf-5d64027286e6	0	201649-18	2
c889798c-d44c-420f-aab3-1e03e0ae1482	0	20171815-27	2
c889798c-d44c-420f-aab3-1e03e0ae1482	0	20171815-1	0
c889798c-d44c-420f-aab3-1e03e0ae1482	0	20171815-7	0
c889798c-d44c-420f-aab3-1e03e0ae1482	0	20171815-2	2
c889798c-d44c-420f-aab3-1e03e0ae1482	0	20171815-23	0
2f7f037e-8415-48c6-9d9c-6f06d425d560	0	20192026-57	2
2f7f037e-8415-48c6-9d9c-6f06d425d560	0	20192026-2	1
2f7f037e-8415-48c6-9d9c-6f06d425d560	0	20192026-39	1
2f7f037e-8415-48c6-9d9c-6f06d425d560	0	20192026-5	2
72d17241-85ad-4885-9ca2-fd6cf674f45d	0	201631-36	2
72d17241-85ad-4885-9ca2-fd6cf674f45d	0	201631-3	2
72d17241-85ad-4885-9ca2-fd6cf674f45d	0	201631-27	0
37d8446b-57b3-4983-b1bf-75c9d8cd1cfa	0	20171801-4	2
f3795e7b-1798-4e47-8d29-bb9f1a83d2f4	0	20171806-2	2
519ba759-00ca-422f-b167-11b9e1751adb	0	20181913-30	2
519ba759-00ca-422f-b167-11b9e1751adb	0	20181913-1	2
519ba759-00ca-422f-b167-11b9e1751adb	0	20181913-3	2
519ba759-00ca-422f-b167-11b9e1751adb	0	20181913-18	1
519ba759-00ca-422f-b167-11b9e1751adb	0	20181913-35	0
519ba759-00ca-422f-b167-11b9e1751adb	0	20181913-6	-1
519ba759-00ca-422f-b167-11b9e1751adb	0	20181913-28	2
519ba759-00ca-422f-b167-11b9e1751adb	0	20181913-14	1
519ba759-00ca-422f-b167-11b9e1751adb	0	20181913-8	2
fe569768-ae21-46d8-815c-35eb9d9c74cd	0	20181907-3	2
fe569768-ae21-46d8-815c-35eb9d9c74cd	0	20181907-31	1
fe569768-ae21-46d8-815c-35eb9d9c74cd	0	20181907-16	1
fe569768-ae21-46d8-815c-35eb9d9c74cd	0	20181907-12	1
fe569768-ae21-46d8-815c-35eb9d9c74cd	0	20181907-17	1
fe569768-ae21-46d8-815c-35eb9d9c74cd	0	20181907-15	0
fe569768-ae21-46d8-815c-35eb9d9c74cd	0	20181907-10	0
fe569768-ae21-46d8-815c-35eb9d9c74cd	0	20181907-2	0
fe569768-ae21-46d8-815c-35eb9d9c74cd	0	20181907-9	2
d5dd9b94-626d-482d-80bb-4f4258e3677f	0	20192012-80	2
d5dd9b94-626d-482d-80bb-4f4258e3677f	0	20192012-81	2
d5dd9b94-626d-482d-80bb-4f4258e3677f	0	20192012-3	2
d5dd9b94-626d-482d-80bb-4f4258e3677f	0	20192012-59	1
d5dd9b94-626d-482d-80bb-4f4258e3677f	0	20192012-65	0
d5dd9b94-626d-482d-80bb-4f4258e3677f	0	20192012-2	2
d5dd9b94-626d-482d-80bb-4f4258e3677f	0	20192012-49	0
d5dd9b94-626d-482d-80bb-4f4258e3677f	0	20192012-13	0
d5dd9b94-626d-482d-80bb-4f4258e3677f	0	20192012-83	1
f0a267dd-e46e-48e4-9753-111e3c607c1f	0	20171809-94	2
f0a267dd-e46e-48e4-9753-111e3c607c1f	0	20171809-95	2
f0a267dd-e46e-48e4-9753-111e3c607c1f	0	20171809-89	0
f0a267dd-e46e-48e4-9753-111e3c607c1f	0	20171809-35	2
f0a267dd-e46e-48e4-9753-111e3c607c1f	0	20171809-55	0
f0a267dd-e46e-48e4-9753-111e3c607c1f	0	20171809-58	1
f0a267dd-e46e-48e4-9753-111e3c607c1f	0	20171809-47	-1
f0a267dd-e46e-48e4-9753-111e3c607c1f	0	20171809-56	-1
f0a267dd-e46e-48e4-9753-111e3c607c1f	0	20171809-96	-1
9b946f0f-a662-49bc-a6a3-3a82a7209508	0	150703-189	2
9b946f0f-a662-49bc-a6a3-3a82a7209508	0	150703-161	2
9b946f0f-a662-49bc-a6a3-3a82a7209508	0	150703-29	2
9b946f0f-a662-49bc-a6a3-3a82a7209508	0	150703-160	2
9b946f0f-a662-49bc-a6a3-3a82a7209508	0	150703-95	2
9b946f0f-a662-49bc-a6a3-3a82a7209508	0	150703-30	1
9b946f0f-a662-49bc-a6a3-3a82a7209508	0	150703-155	0
9b946f0f-a662-49bc-a6a3-3a82a7209508	0	150703-26	0
9b946f0f-a662-49bc-a6a3-3a82a7209508	0	150703-28	1
38816577-9c50-4209-8832-7e75d3b75bb8	0	201630-38	2
38816577-9c50-4209-8832-7e75d3b75bb8	0	201630-39	2
38816577-9c50-4209-8832-7e75d3b75bb8	0	201630-24	0
74a0327c-8c3e-48e4-9515-bd9285b4aac5	0	20171822-2	2
74a0327c-8c3e-48e4-9515-bd9285b4aac5	0	20171822-1	1
74a0327c-8c3e-48e4-9515-bd9285b4aac5	0	20171822-4	1
74a0327c-8c3e-48e4-9515-bd9285b4aac5	0	20171822-8	0
3a9fbd6b-7684-4217-9734-6b58a1cad613	0	20192006-6	2
3a9fbd6b-7684-4217-9734-6b58a1cad613	0	20192006-7	1
3a9fbd6b-7684-4217-9734-6b58a1cad613	0	20192006-5	1
3b004763-3735-4d81-8f88-5b3daaea0b7b	0	20181910-61	2
80e5783e-db02-4cdb-9653-41dc6ba46369	0	201648-18	2
80e5783e-db02-4cdb-9653-41dc6ba46369	0	201648-13	2
80e5783e-db02-4cdb-9653-41dc6ba46369	0	201648-16	1
80e5783e-db02-4cdb-9653-41dc6ba46369	0	201648-4	2
80e5783e-db02-4cdb-9653-41dc6ba46369	0	201648-14	0
80e5783e-db02-4cdb-9653-41dc6ba46369	0	201648-17	1
80e5783e-db02-4cdb-9653-41dc6ba46369	0	201648-6	1
80e5783e-db02-4cdb-9653-41dc6ba46369	0	201648-11	0
80e5783e-db02-4cdb-9653-41dc6ba46369	0	201648-3	2
85912d0c-9948-4f2b-b782-5087db666d2b	0	20171816-3	2
85912d0c-9948-4f2b-b782-5087db666d2b	0	20171816-35	2
85912d0c-9948-4f2b-b782-5087db666d2b	0	20171816-36	2
85912d0c-9948-4f2b-b782-5087db666d2b	0	20171816-16	0
85912d0c-9948-4f2b-b782-5087db666d2b	0	20171816-14	0
85912d0c-9948-4f2b-b782-5087db666d2b	0	20171816-28	1
85912d0c-9948-4f2b-b782-5087db666d2b	0	20171816-22	0
85912d0c-9948-4f2b-b782-5087db666d2b	0	20171816-27	1
85912d0c-9948-4f2b-b782-5087db666d2b	0	20171816-29	1
2724bd37-5010-4cff-8d31-f9cd1902fe59	0	20171803-22	2
2724bd37-5010-4cff-8d31-f9cd1902fe59	0	20171803-2	-1
2724bd37-5010-4cff-8d31-f9cd1902fe59	0	20171803-11	1
2724bd37-5010-4cff-8d31-f9cd1902fe59	0	20171803-16	1
2724bd37-5010-4cff-8d31-f9cd1902fe59	0	20171803-4	1
2724bd37-5010-4cff-8d31-f9cd1902fe59	0	20171803-17	1
db2c90c4-df32-4fc9-a56e-12e764608806	0	20181918-33	2
db2c90c4-df32-4fc9-a56e-12e764608806	0	20181918-32	2
db2c90c4-df32-4fc9-a56e-12e764608806	0	20181918-22	2
db2c90c4-df32-4fc9-a56e-12e764608806	0	20181918-18	0
db2c90c4-df32-4fc9-a56e-12e764608806	0	20181918-25	0
db2c90c4-df32-4fc9-a56e-12e764608806	0	20181918-12	2
db2c90c4-df32-4fc9-a56e-12e764608806	0	20181918-15	2
db2c90c4-df32-4fc9-a56e-12e764608806	0	20181918-34	2
db2c90c4-df32-4fc9-a56e-12e764608806	0	20181918-37	0
d0cf23c8-a710-4f29-ad50-c3e891d425ff	0	20171802-11	2
d0cf23c8-a710-4f29-ad50-c3e891d425ff	0	20171802-7	1
d0cf23c8-a710-4f29-ad50-c3e891d425ff	0	20171802-6	2
d0cf23c8-a710-4f29-ad50-c3e891d425ff	0	20171802-20	1
d0cf23c8-a710-4f29-ad50-c3e891d425ff	0	20171802-40	-1
d0cf23c8-a710-4f29-ad50-c3e891d425ff	0	20171802-23	-1
96d9bb10-0d33-4c20-8ead-40c496221d99	0	20192025-4	2
96d9bb10-0d33-4c20-8ead-40c496221d99	0	20192025-64	2
591ec284-301a-40fa-863f-8a14761fae9e	0	20171817-21	2
591ec284-301a-40fa-863f-8a14761fae9e	0	20171817-20	0
591ec284-301a-40fa-863f-8a14761fae9e	0	20171817-18	0
fed08af6-a889-418a-ae03-f41768cc5e7e	0	20181924-2	2
fed08af6-a889-418a-ae03-f41768cc5e7e	0	20181924-1	0
83ffb0d8-6b41-4312-b512-d3344365a8fa	0	20192018-5	2
ea7531c1-dc99-44ff-859c-63f7fd10142e	0	201616-3	2
ea7531c1-dc99-44ff-859c-63f7fd10142e	0	201616-19	1
ea7531c1-dc99-44ff-859c-63f7fd10142e	0	201616-13	1
ea7531c1-dc99-44ff-859c-63f7fd10142e	0	201616-7	0
ea7531c1-dc99-44ff-859c-63f7fd10142e	0	201616-16	1
ea7531c1-dc99-44ff-859c-63f7fd10142e	0	201616-20	2
ea7531c1-dc99-44ff-859c-63f7fd10142e	0	201616-14	2
ea7531c1-dc99-44ff-859c-63f7fd10142e	0	201616-12	1
ea7531c1-dc99-44ff-859c-63f7fd10142e	0	201616-23	0
48c11016-51b6-4ff6-8022-8947d0b91cbc	0	201612-15	2
48c11016-51b6-4ff6-8022-8947d0b91cbc	0	201612-2	2
48c11016-51b6-4ff6-8022-8947d0b91cbc	0	201612-6	0
48c11016-51b6-4ff6-8022-8947d0b91cbc	0	201612-4	2
48c11016-51b6-4ff6-8022-8947d0b91cbc	0	201612-19	0
48c11016-51b6-4ff6-8022-8947d0b91cbc	0	201612-1	0
e8f7f330-cd93-4cfd-96f6-67f13a3ab29d	0	201606-17	2
e8f7f330-cd93-4cfd-96f6-67f13a3ab29d	0	201606-16	2
e8f7f330-cd93-4cfd-96f6-67f13a3ab29d	0	201606-6	1
e8f7f330-cd93-4cfd-96f6-67f13a3ab29d	0	201606-20	0
b641ba3d-68ad-471a-a99c-5e455c2c9505	0	201607-25	2
b641ba3d-68ad-471a-a99c-5e455c2c9505	0	201607-11	1
b641ba3d-68ad-471a-a99c-5e455c2c9505	0	201607-5	0
b641ba3d-68ad-471a-a99c-5e455c2c9505	0	201607-4	2
b2f07235-890b-4dfa-b5fa-434df3be5468	0	201613-26	2
b2f07235-890b-4dfa-b5fa-434df3be5468	0	201613-18	1
b2f07235-890b-4dfa-b5fa-434df3be5468	0	201613-24	1
b2f07235-890b-4dfa-b5fa-434df3be5468	0	201613-3	1
92dcc535-9f52-42d0-8ebe-c3f1f21c5ab9	0	201602-21	2
6a70d76e-b491-482f-a664-3a1c54f48d8b	0	201639-5	2
6a70d76e-b491-482f-a664-3a1c54f48d8b	0	201639-6	1
503b97b3-1d6b-45e9-bf56-f16a9fce1ff1	0	201617-3	2
986dacfd-4c7b-4a0d-a50d-c68ed0b77995	0	the_journal_of_the_science_of_food_and_agriculture-101002jsfa1239-3	2
986dacfd-4c7b-4a0d-a50d-c68ed0b77995	0	the_journal_of_the_science_of_food_and_agriculture-101002jsfa1239-29	2
986dacfd-4c7b-4a0d-a50d-c68ed0b77995	0	the_journal_of_the_science_of_food_and_agriculture-101002jsfa1239-7	1
986dacfd-4c7b-4a0d-a50d-c68ed0b77995	0	the_journal_of_the_science_of_food_and_agriculture-101002jsfa1239-2	1
986dacfd-4c7b-4a0d-a50d-c68ed0b77995	0	the_journal_of_the_science_of_food_and_agriculture-101002jsfa1239-24	2
986dacfd-4c7b-4a0d-a50d-c68ed0b77995	0	the_journal_of_the_science_of_food_and_agriculture-101002jsfa1239-23	-1
986dacfd-4c7b-4a0d-a50d-c68ed0b77995	0	the_journal_of_the_science_of_food_and_agriculture-101002jsfa1239-26	0
986dacfd-4c7b-4a0d-a50d-c68ed0b77995	0	the_journal_of_the_science_of_food_and_agriculture-101002jsfa1239-27	0
986dacfd-4c7b-4a0d-a50d-c68ed0b77995	0	the_journal_of_the_science_of_food_and_agriculture-101002jsfa1239-25	0
ef449299-4159-4fde-b72e-21e3c8123c7b	0	agronomy_journal-101002agj220200-139	2
ef449299-4159-4fde-b72e-21e3c8123c7b	0	agronomy_journal-101002agj220200-4	0
ef449299-4159-4fde-b72e-21e3c8123c7b	0	agronomy_journal-101002agj220200-66	2
ef449299-4159-4fde-b72e-21e3c8123c7b	0	agronomy_journal-101002agj220200-65	2
ef449299-4159-4fde-b72e-21e3c8123c7b	0	agronomy_journal-101002agj220200-92	2
ef449299-4159-4fde-b72e-21e3c8123c7b	0	agronomy_journal-101002agj220200-5	2
ef449299-4159-4fde-b72e-21e3c8123c7b	0	agronomy_journal-101002agj220200-50	0
ef449299-4159-4fde-b72e-21e3c8123c7b	0	agronomy_journal-101002agj220200-22	2
ef449299-4159-4fde-b72e-21e3c8123c7b	0	agronomy_journal-101002agj220200-63	0
84cedd02-be72-4625-ba25-0a5d5b971bdd	0	nutrient_cycling_in_agroecosystems-101007s10705020100893-5	2
84cedd02-be72-4625-ba25-0a5d5b971bdd	0	nutrient_cycling_in_agroecosystems-101007s10705020100893-87	2
84cedd02-be72-4625-ba25-0a5d5b971bdd	0	nutrient_cycling_in_agroecosystems-101007s10705020100893-69	2
84cedd02-be72-4625-ba25-0a5d5b971bdd	0	nutrient_cycling_in_agroecosystems-101007s10705020100893-59	2
84cedd02-be72-4625-ba25-0a5d5b971bdd	0	nutrient_cycling_in_agroecosystems-101007s10705020100893-77	1
84cedd02-be72-4625-ba25-0a5d5b971bdd	0	nutrient_cycling_in_agroecosystems-101007s10705020100893-86	0
84cedd02-be72-4625-ba25-0a5d5b971bdd	0	nutrient_cycling_in_agroecosystems-101007s10705020100893-89	2
84cedd02-be72-4625-ba25-0a5d5b971bdd	0	nutrient_cycling_in_agroecosystems-101007s10705020100893-61	2
84cedd02-be72-4625-ba25-0a5d5b971bdd	0	nutrient_cycling_in_agroecosystems-101007s10705020100893-63	0
8b93e931-53df-4475-acd8-5134bbb6b2e9	0	6831-29	2
8b93e931-53df-4475-acd8-5134bbb6b2e9	0	6831-43	2
8b93e931-53df-4475-acd8-5134bbb6b2e9	0	6831-24	0
8b93e931-53df-4475-acd8-5134bbb6b2e9	0	6831-23	0
8b93e931-53df-4475-acd8-5134bbb6b2e9	0	6831-44	2
8b93e931-53df-4475-acd8-5134bbb6b2e9	0	6831-30	2
8b93e931-53df-4475-acd8-5134bbb6b2e9	0	6831-32	0
8b93e931-53df-4475-acd8-5134bbb6b2e9	0	6831-22	1
8b93e931-53df-4475-acd8-5134bbb6b2e9	0	6831-40	1
72aa424f-7533-4310-8380-e9854a421653	0	5518-14056-3	2
72aa424f-7533-4310-8380-e9854a421653	0	5518-14056-4	1
72aa424f-7533-4310-8380-e9854a421653	0	5518-14056-36	2
72aa424f-7533-4310-8380-e9854a421653	0	5518-14056-37	2
72aa424f-7533-4310-8380-e9854a421653	0	5518-14056-81	0
72aa424f-7533-4310-8380-e9854a421653	0	5518-14056-47	2
72aa424f-7533-4310-8380-e9854a421653	0	5518-14056-76	0
72aa424f-7533-4310-8380-e9854a421653	0	5518-14056-7	0
72aa424f-7533-4310-8380-e9854a421653	0	5518-14056-61	1
d2d8a904-8f8b-4a14-adf3-5a08c63c0978	0	268-448-40	2
d2d8a904-8f8b-4a14-adf3-5a08c63c0978	0	268-448-35	0
d2d8a904-8f8b-4a14-adf3-5a08c63c0978	0	268-448-20	0
d2d8a904-8f8b-4a14-adf3-5a08c63c0978	0	268-448-32	0
d3123754-b016-4a58-bded-27e8022d6b7e	0	the_journal_of_the_science_of_food_and_agriculture-101002jsfa2740351102-3	2
d3123754-b016-4a58-bded-27e8022d6b7e	0	the_journal_of_the_science_of_food_and_agriculture-101002jsfa2740351102-4	2
d3123754-b016-4a58-bded-27e8022d6b7e	0	the_journal_of_the_science_of_food_and_agriculture-101002jsfa2740351102-63	2
9e26e52d-a094-4fb8-b3f0-73e5548c6798	0	20181919-3	2
9e26e52d-a094-4fb8-b3f0-73e5548c6798	0	20181919-24	2
9e26e52d-a094-4fb8-b3f0-73e5548c6798	0	20181919-14	2
9e26e52d-a094-4fb8-b3f0-73e5548c6798	0	20181919-27	1
9e26e52d-a094-4fb8-b3f0-73e5548c6798	0	20181919-26	1
9e26e52d-a094-4fb8-b3f0-73e5548c6798	0	20181919-18	0
9e26e52d-a094-4fb8-b3f0-73e5548c6798	0	20181919-5	0
9e26e52d-a094-4fb8-b3f0-73e5548c6798	0	20181919-21	0
9e26e52d-a094-4fb8-b3f0-73e5548c6798	0	20181919-7	0
acced6bd-2ce7-42e6-964b-ffe7850af4bf	0	20192012-80	2
acced6bd-2ce7-42e6-964b-ffe7850af4bf	0	20192012-81	2
acced6bd-2ce7-42e6-964b-ffe7850af4bf	0	20192012-3	2
acced6bd-2ce7-42e6-964b-ffe7850af4bf	0	20192012-59	2
acced6bd-2ce7-42e6-964b-ffe7850af4bf	0	20192012-65	1
acced6bd-2ce7-42e6-964b-ffe7850af4bf	0	20192012-2	0
acced6bd-2ce7-42e6-964b-ffe7850af4bf	0	20192012-49	0
acced6bd-2ce7-42e6-964b-ffe7850af4bf	0	20192012-13	0
acced6bd-2ce7-42e6-964b-ffe7850af4bf	0	20192012-83	1
6a0ece77-3bcb-4b4e-9f6c-facd8e5f08b9	0	20192012-3	2
6a0ece77-3bcb-4b4e-9f6c-facd8e5f08b9	0	20192012-4	1
6a0ece77-3bcb-4b4e-9f6c-facd8e5f08b9	0	20192012-81	2
6a0ece77-3bcb-4b4e-9f6c-facd8e5f08b9	0	20192012-49	0
6a0ece77-3bcb-4b4e-9f6c-facd8e5f08b9	0	20192012-80	2
6a0ece77-3bcb-4b4e-9f6c-facd8e5f08b9	0	20192012-59	0
6a0ece77-3bcb-4b4e-9f6c-facd8e5f08b9	0	20192012-24	1
6a0ece77-3bcb-4b4e-9f6c-facd8e5f08b9	0	20192012-30	0
6a0ece77-3bcb-4b4e-9f6c-facd8e5f08b9	0	20192012-13	0
598e3c7b-40d3-463d-8a2e-a51201a3aa2c	0	20192012-81	2
598e3c7b-40d3-463d-8a2e-a51201a3aa2c	0	20192012-80	1
598e3c7b-40d3-463d-8a2e-a51201a3aa2c	0	20192012-13	0
598e3c7b-40d3-463d-8a2e-a51201a3aa2c	0	20192012-3	1
598e3c7b-40d3-463d-8a2e-a51201a3aa2c	0	20192012-83	1
598e3c7b-40d3-463d-8a2e-a51201a3aa2c	0	20192012-52	1
598e3c7b-40d3-463d-8a2e-a51201a3aa2c	0	20192012-57	2
598e3c7b-40d3-463d-8a2e-a51201a3aa2c	0	20192012-82	2
598e3c7b-40d3-463d-8a2e-a51201a3aa2c	0	20192012-24	0
4f46514a-4f79-44ca-b4d5-64d57a973bbb	0	20192024-51	2
4f46514a-4f79-44ca-b4d5-64d57a973bbb	0	20192024-32	2
4f46514a-4f79-44ca-b4d5-64d57a973bbb	0	20192024-2	2
4f46514a-4f79-44ca-b4d5-64d57a973bbb	0	20192024-39	1
4f46514a-4f79-44ca-b4d5-64d57a973bbb	0	20192024-29	1
4f46514a-4f79-44ca-b4d5-64d57a973bbb	0	20192024-22	0
4f46514a-4f79-44ca-b4d5-64d57a973bbb	0	20192024-45	0
4f46514a-4f79-44ca-b4d5-64d57a973bbb	0	20192024-21	1
4f46514a-4f79-44ca-b4d5-64d57a973bbb	0	20192024-38	0
67e83cbb-41c2-4d81-8100-eb5c80fe501b	0	201640-19	2
67e83cbb-41c2-4d81-8100-eb5c80fe501b	0	201640-6	2
67e83cbb-41c2-4d81-8100-eb5c80fe501b	0	201640-2	2
67e83cbb-41c2-4d81-8100-eb5c80fe501b	0	201640-11	2
67e83cbb-41c2-4d81-8100-eb5c80fe501b	0	201640-3	1
67e83cbb-41c2-4d81-8100-eb5c80fe501b	0	201640-7	0
bbd9ed9f-f210-4e81-9d7c-fe612d21aae3	0	201638-18	2
bbd9ed9f-f210-4e81-9d7c-fe612d21aae3	0	201638-20	2
bbd9ed9f-f210-4e81-9d7c-fe612d21aae3	0	201638-3	2
10a7e5bb-ca27-4123-9ae4-338047e9454a	0	201636-26	0
10a7e5bb-ca27-4123-9ae4-338047e9454a	0	201636-18	2
10a7e5bb-ca27-4123-9ae4-338047e9454a	0	201636-4	0
20c96350-27f2-48a8-ac1b-78d699343600	0	201629-26	2
6ddf060f-1fb4-4ddc-abcb-4961081f830a	0	201658-15	2
6ddf060f-1fb4-4ddc-abcb-4961081f830a	0	201658-6	2
6ddf060f-1fb4-4ddc-abcb-4961081f830a	0	201658-5	2
6ddf060f-1fb4-4ddc-abcb-4961081f830a	0	201658-11	1
6ddf060f-1fb4-4ddc-abcb-4961081f830a	0	201658-10	1
6ddf060f-1fb4-4ddc-abcb-4961081f830a	0	201658-8	1
6ddf060f-1fb4-4ddc-abcb-4961081f830a	0	201658-3	2
6ddf060f-1fb4-4ddc-abcb-4961081f830a	0	201658-14	0
6ddf060f-1fb4-4ddc-abcb-4961081f830a	0	201658-4	1
8d7dba52-73cd-422a-8612-99bfc3d9e4b3	0	20181918-34	2
8d7dba52-73cd-422a-8612-99bfc3d9e4b3	0	20181918-16	2
8d7dba52-73cd-422a-8612-99bfc3d9e4b3	0	20181918-23	0
8d7dba52-73cd-422a-8612-99bfc3d9e4b3	0	20181918-30	0
8d7dba52-73cd-422a-8612-99bfc3d9e4b3	0	20181918-3	1
8d7dba52-73cd-422a-8612-99bfc3d9e4b3	0	20181918-26	0
8d7dba52-73cd-422a-8612-99bfc3d9e4b3	0	20181918-19	0
8d7dba52-73cd-422a-8612-99bfc3d9e4b3	0	20181918-18	0
8d7dba52-73cd-422a-8612-99bfc3d9e4b3	0	20181918-25	0
c9d8b63a-f3be-4bb4-929a-3ef29ebfff38	0	20181918-12	2
c9d8b63a-f3be-4bb4-929a-3ef29ebfff38	0	20181918-13	0
c9d8b63a-f3be-4bb4-929a-3ef29ebfff38	0	20181918-24	0
c9d8b63a-f3be-4bb4-929a-3ef29ebfff38	0	20181918-17	0
c9d8b63a-f3be-4bb4-929a-3ef29ebfff38	0	20181918-22	2
c9d8b63a-f3be-4bb4-929a-3ef29ebfff38	0	20181918-15	2
c9d8b63a-f3be-4bb4-929a-3ef29ebfff38	0	20181918-26	0
c9d8b63a-f3be-4bb4-929a-3ef29ebfff38	0	20181918-19	0
c9d8b63a-f3be-4bb4-929a-3ef29ebfff38	0	20181918-16	0
1d8223d3-43d7-42bc-9eb9-32356d198d8d	0	20192027-28	1
1d8223d3-43d7-42bc-9eb9-32356d198d8d	0	20192027-29	1
1d8223d3-43d7-42bc-9eb9-32356d198d8d	0	20192027-27	0
1d8223d3-43d7-42bc-9eb9-32356d198d8d	0	20192027-25	1
1d8223d3-43d7-42bc-9eb9-32356d198d8d	0	20192027-26	0
1d8223d3-43d7-42bc-9eb9-32356d198d8d	0	20192027-24	0
1d8223d3-43d7-42bc-9eb9-32356d198d8d	0	20192027-18	0
1d8223d3-43d7-42bc-9eb9-32356d198d8d	0	20192027-17	0
1d8223d3-43d7-42bc-9eb9-32356d198d8d	0	20192027-31	1
b49cbd26-3b97-4d69-bb56-84f74345c641	0	20181918-33	2
b49cbd26-3b97-4d69-bb56-84f74345c641	0	20181918-32	0
b49cbd26-3b97-4d69-bb56-84f74345c641	0	20181918-22	1
b49cbd26-3b97-4d69-bb56-84f74345c641	0	20181918-18	2
b49cbd26-3b97-4d69-bb56-84f74345c641	0	20181918-25	0
b49cbd26-3b97-4d69-bb56-84f74345c641	0	20181918-12	2
b49cbd26-3b97-4d69-bb56-84f74345c641	0	20181918-15	2
b49cbd26-3b97-4d69-bb56-84f74345c641	0	20181918-34	2
b49cbd26-3b97-4d69-bb56-84f74345c641	0	20181918-37	0
8ef50450-c493-418f-accc-53185b4acd14	0	20192008-26	0
8ef50450-c493-418f-accc-53185b4acd14	0	20192008-7	0
8ef50450-c493-418f-accc-53185b4acd14	0	20192008-2	2
8ef50450-c493-418f-accc-53185b4acd14	0	20192008-8	0
8ef50450-c493-418f-accc-53185b4acd14	0	20192008-33	1
eb688509-512c-4347-b40a-2d1c5c15d020	0	20171816-34	2
eb688509-512c-4347-b40a-2d1c5c15d020	0	20171816-31	1
eb688509-512c-4347-b40a-2d1c5c15d020	0	20171816-27	1
eb688509-512c-4347-b40a-2d1c5c15d020	0	20171816-25	0
eb688509-512c-4347-b40a-2d1c5c15d020	0	20171816-33	0
eb688509-512c-4347-b40a-2d1c5c15d020	0	20171816-24	1
2af014ef-5164-43d9-be32-4d53941c5cd7	0	20171816-36	2
2af014ef-5164-43d9-be32-4d53941c5cd7	0	20171816-35	0
4668dbac-e17b-46c9-8e1f-03293e43b2be	0	20181925-27	2
4668dbac-e17b-46c9-8e1f-03293e43b2be	0	20181925-23	1
4668dbac-e17b-46c9-8e1f-03293e43b2be	0	20181925-7	0
4668dbac-e17b-46c9-8e1f-03293e43b2be	0	20181925-21	1
e4a5bfdb-c62c-4a70-9735-280b8c71b9e7	0	201636-27	2
e4a5bfdb-c62c-4a70-9735-280b8c71b9e7	0	201636-20	1
e4a5bfdb-c62c-4a70-9735-280b8c71b9e7	0	201636-22	1
e4a5bfdb-c62c-4a70-9735-280b8c71b9e7	0	201636-18	0
e4a5bfdb-c62c-4a70-9735-280b8c71b9e7	0	201636-23	-1
e4a5bfdb-c62c-4a70-9735-280b8c71b9e7	0	201636-25	-1
e4a5bfdb-c62c-4a70-9735-280b8c71b9e7	0	201636-21	-1
e4a5bfdb-c62c-4a70-9735-280b8c71b9e7	0	201636-4	-1
1a3f09be-ba97-4a33-8da1-df64d8af603f	0	201621-2	2
1a3f09be-ba97-4a33-8da1-df64d8af603f	0	201621-31	2
1a3f09be-ba97-4a33-8da1-df64d8af603f	0	201621-53	2
1a3f09be-ba97-4a33-8da1-df64d8af603f	0	201621-33	1
1a3f09be-ba97-4a33-8da1-df64d8af603f	0	201621-52	2
1a3f09be-ba97-4a33-8da1-df64d8af603f	0	201621-27	2
1a3f09be-ba97-4a33-8da1-df64d8af603f	0	201621-5	2
1a3f09be-ba97-4a33-8da1-df64d8af603f	0	201621-25	1
1a3f09be-ba97-4a33-8da1-df64d8af603f	0	201621-54	0
370c230d-cb9e-4b6f-b647-ca67244794f6	0	201635-17	2
370c230d-cb9e-4b6f-b647-ca67244794f6	0	201635-18	2
370c230d-cb9e-4b6f-b647-ca67244794f6	0	201635-6	2
370c230d-cb9e-4b6f-b647-ca67244794f6	0	201635-3	1
370c230d-cb9e-4b6f-b647-ca67244794f6	0	201635-4	1
370c230d-cb9e-4b6f-b647-ca67244794f6	0	201635-7	0
370c230d-cb9e-4b6f-b647-ca67244794f6	0	201635-16	0
370c230d-cb9e-4b6f-b647-ca67244794f6	0	201635-12	0
cf93752d-e2e6-4d6e-9aab-0b5fd8acf975	0	20181914-25	2
cf93752d-e2e6-4d6e-9aab-0b5fd8acf975	0	20181914-3	2
cf93752d-e2e6-4d6e-9aab-0b5fd8acf975	0	20181914-1	2
cf93752d-e2e6-4d6e-9aab-0b5fd8acf975	0	20181914-27	2
cf93752d-e2e6-4d6e-9aab-0b5fd8acf975	0	20181914-18	1
cf93752d-e2e6-4d6e-9aab-0b5fd8acf975	0	20181914-7	1
cf93752d-e2e6-4d6e-9aab-0b5fd8acf975	0	20181914-22	1
cf93752d-e2e6-4d6e-9aab-0b5fd8acf975	0	20181914-15	0
cf93752d-e2e6-4d6e-9aab-0b5fd8acf975	0	20181914-23	1
39fb7090-0714-4f49-a32f-20604aa89755	0	20171826-42	2
39fb7090-0714-4f49-a32f-20604aa89755	0	20171826-2	2
39fb7090-0714-4f49-a32f-20604aa89755	0	20171826-30	2
39fb7090-0714-4f49-a32f-20604aa89755	0	20171826-33	2
39fb7090-0714-4f49-a32f-20604aa89755	0	20171826-13	1
39fb7090-0714-4f49-a32f-20604aa89755	0	20171826-40	2
82600268-e8b3-45d3-b4c5-b3db546ec359	0	20192029-22	2
82600268-e8b3-45d3-b4c5-b3db546ec359	0	20192029-3	2
82600268-e8b3-45d3-b4c5-b3db546ec359	0	20192029-1	0
f7184b30-c77d-493e-940a-d1d56c91975e	0	201637-18	2
f7184b30-c77d-493e-940a-d1d56c91975e	0	201637-13	2
fdc4ab7d-5157-4beb-891c-16c41f331005	0	201652-22	2
fdc4ab7d-5157-4beb-891c-16c41f331005	0	201652-3	2
daabc99d-a494-42ba-bb75-d3b87ba64369	0	20171832-2	2
9c3e2983-9ae1-4e59-9b84-52cb9e0eb0cb	0	201609-3	2
c12e55d9-29b3-46b7-9485-8b6a79a9b3c5	0	150704-25	2
c12e55d9-29b3-46b7-9485-8b6a79a9b3c5	0	150704-87	2
c12e55d9-29b3-46b7-9485-8b6a79a9b3c5	0	150704-364	0
c12e55d9-29b3-46b7-9485-8b6a79a9b3c5	0	150704-24	0
c12e55d9-29b3-46b7-9485-8b6a79a9b3c5	0	150704-101	0
c12e55d9-29b3-46b7-9485-8b6a79a9b3c5	0	150704-27	0
c12e55d9-29b3-46b7-9485-8b6a79a9b3c5	0	150704-131	0
c12e55d9-29b3-46b7-9485-8b6a79a9b3c5	0	150704-105	0
c12e55d9-29b3-46b7-9485-8b6a79a9b3c5	0	150704-180	0
c6d2aae7-621f-4348-b22c-c7df8563dbc5	0	20181915-25	2
c6d2aae7-621f-4348-b22c-c7df8563dbc5	0	20181915-26	2
c6d2aae7-621f-4348-b22c-c7df8563dbc5	0	20181915-39	0
c6d2aae7-621f-4348-b22c-c7df8563dbc5	0	20181915-24	0
c6d2aae7-621f-4348-b22c-c7df8563dbc5	0	20181915-30	-1
c6d2aae7-621f-4348-b22c-c7df8563dbc5	0	20181915-28	1
c6d2aae7-621f-4348-b22c-c7df8563dbc5	0	20181915-37	0
c6d2aae7-621f-4348-b22c-c7df8563dbc5	0	20181915-2	0
c6d2aae7-621f-4348-b22c-c7df8563dbc5	0	20181915-29	0
8820096c-095b-4ac9-8f1c-6847e61a2aab	0	20192028-17	1
8820096c-095b-4ac9-8f1c-6847e61a2aab	0	20192028-22	1
8820096c-095b-4ac9-8f1c-6847e61a2aab	0	20192028-21	1
8820096c-095b-4ac9-8f1c-6847e61a2aab	0	20192028-8	0
8820096c-095b-4ac9-8f1c-6847e61a2aab	0	20192028-1	0
8820096c-095b-4ac9-8f1c-6847e61a2aab	0	20192028-19	1
8820096c-095b-4ac9-8f1c-6847e61a2aab	0	20192028-18	2
8820096c-095b-4ac9-8f1c-6847e61a2aab	0	20192028-23	0
8820096c-095b-4ac9-8f1c-6847e61a2aab	0	20192028-9	1
a708a274-45c7-46a0-817b-d567ec34223f	0	20171827-40	2
a708a274-45c7-46a0-817b-d567ec34223f	0	20171827-25	1
a708a274-45c7-46a0-817b-d567ec34223f	0	20171827-22	0
a708a274-45c7-46a0-817b-d567ec34223f	0	20171827-27	0
a708a274-45c7-46a0-817b-d567ec34223f	0	20171827-28	0
a708a274-45c7-46a0-817b-d567ec34223f	0	20171827-23	0
a708a274-45c7-46a0-817b-d567ec34223f	0	20171827-24	0
a708a274-45c7-46a0-817b-d567ec34223f	0	20171827-29	2
a708a274-45c7-46a0-817b-d567ec34223f	0	20171827-20	0
a43931fd-d207-406f-a90f-dd319ae9e265	0	150705-5	2
a43931fd-d207-406f-a90f-dd319ae9e265	0	150705-19	2
4815f26e-196e-46cb-84ae-9382cb076029	0	20171833-42	2
4815f26e-196e-46cb-84ae-9382cb076029	0	20171833-8	2
4815f26e-196e-46cb-84ae-9382cb076029	0	20171833-19	1
4815f26e-196e-46cb-84ae-9382cb076029	0	20171833-37	1
4815f26e-196e-46cb-84ae-9382cb076029	0	20171833-23	2
4815f26e-196e-46cb-84ae-9382cb076029	0	20171833-15	0
44709ac2-d1c3-468f-8a8b-cdd7140d4bab	0	20192016-4	2
00e858f2-6d0b-4f1b-8f08-81c112edb7b8	0	20192014-25	2
00e858f2-6d0b-4f1b-8f08-81c112edb7b8	0	20192014-16	1
432417a7-abe8-42da-9eff-d8b90d821608	0	20192001-3	2
6515d24f-f7cc-42a5-8f24-7967e3a99729	0	201650-20	2
6515d24f-f7cc-42a5-8f24-7967e3a99729	0	201650-21	2
6515d24f-f7cc-42a5-8f24-7967e3a99729	0	201650-19	1
6515d24f-f7cc-42a5-8f24-7967e3a99729	0	201650-18	2
6515d24f-f7cc-42a5-8f24-7967e3a99729	0	201650-3	2
6515d24f-f7cc-42a5-8f24-7967e3a99729	0	201650-6	1
6515d24f-f7cc-42a5-8f24-7967e3a99729	0	201650-5	1
6515d24f-f7cc-42a5-8f24-7967e3a99729	0	201650-2	-1
5e9a17ca-7e71-4284-a3b1-dc979e515202	0	201644-33	2
5e9a17ca-7e71-4284-a3b1-dc979e515202	0	201644-31	2
5e9a17ca-7e71-4284-a3b1-dc979e515202	0	201644-26	0
5e9a17ca-7e71-4284-a3b1-dc979e515202	0	201644-22	0
5e9a17ca-7e71-4284-a3b1-dc979e515202	0	201644-27	0
5e9a17ca-7e71-4284-a3b1-dc979e515202	0	201644-28	0
5e9a17ca-7e71-4284-a3b1-dc979e515202	0	201644-18	0
5e9a17ca-7e71-4284-a3b1-dc979e515202	0	201644-24	0
bfea272c-547b-4820-b441-22b8e58dc67d	0	20192007-64	2
bfea272c-547b-4820-b441-22b8e58dc67d	0	20192007-62	2
bfea272c-547b-4820-b441-22b8e58dc67d	0	20192007-31	2
bfea272c-547b-4820-b441-22b8e58dc67d	0	20192007-12	0
bfea272c-547b-4820-b441-22b8e58dc67d	0	20192007-32	1
bfea272c-547b-4820-b441-22b8e58dc67d	0	20192007-13	0
74a6fe65-b951-473a-a77d-3e260a410b59	0	20192004-4	2
74a6fe65-b951-473a-a77d-3e260a410b59	0	20192004-26	2
74a6fe65-b951-473a-a77d-3e260a410b59	0	20192004-1	0
74a6fe65-b951-473a-a77d-3e260a410b59	0	20192004-5	1
8ae4a397-ea36-4bfe-a4ae-506fd76d0a59	0	201640-17	2
8ae4a397-ea36-4bfe-a4ae-506fd76d0a59	0	201640-18	2
8ae4a397-ea36-4bfe-a4ae-506fd76d0a59	0	201640-11	1
8ae4a397-ea36-4bfe-a4ae-506fd76d0a59	0	201640-9	0
c1b060fb-4a49-4b0f-bd9f-6f8d5291c6cf	0	20192010-27	2
c1b060fb-4a49-4b0f-bd9f-6f8d5291c6cf	0	20192010-18	2
c1b060fb-4a49-4b0f-bd9f-6f8d5291c6cf	0	20192010-17	2
44ebfa49-a0e4-4871-a38d-fed014c7b274	0	201654-20	2
44ebfa49-a0e4-4871-a38d-fed014c7b274	0	201654-3	2
78da9646-36a4-4bac-93b5-ce13319b76e5	0	20181912-15	2
7aed2559-44be-40a6-899e-994b2e566204	0	20181920-3	2
7aed2559-44be-40a6-899e-994b2e566204	0	20181920-22	1
7aed2559-44be-40a6-899e-994b2e566204	0	20181920-17	1
7aed2559-44be-40a6-899e-994b2e566204	0	20181920-21	1
7aed2559-44be-40a6-899e-994b2e566204	0	20181920-26	2
7aed2559-44be-40a6-899e-994b2e566204	0	20181920-30	2
7aed2559-44be-40a6-899e-994b2e566204	0	20181920-16	2
7aed2559-44be-40a6-899e-994b2e566204	0	20181920-29	0
7aed2559-44be-40a6-899e-994b2e566204	0	20181920-15	1
b229bb50-7f75-4a8c-8b11-262d32ef6eaa	0	20192009-43	2
b229bb50-7f75-4a8c-8b11-262d32ef6eaa	0	20192009-4	2
b229bb50-7f75-4a8c-8b11-262d32ef6eaa	0	20192009-19	1
b229bb50-7f75-4a8c-8b11-262d32ef6eaa	0	20192009-18	1
b229bb50-7f75-4a8c-8b11-262d32ef6eaa	0	20192009-36	2
b229bb50-7f75-4a8c-8b11-262d32ef6eaa	0	20192009-28	2
b229bb50-7f75-4a8c-8b11-262d32ef6eaa	0	20192009-5	2
b229bb50-7f75-4a8c-8b11-262d32ef6eaa	0	20192009-23	1
b229bb50-7f75-4a8c-8b11-262d32ef6eaa	0	20192009-8	0
591b246c-cd00-4b67-9b2d-60dfeed4ec9c	0	20171807-78	2
591b246c-cd00-4b67-9b2d-60dfeed4ec9c	0	20171807-63	1
591b246c-cd00-4b67-9b2d-60dfeed4ec9c	0	20171807-41	2
591b246c-cd00-4b67-9b2d-60dfeed4ec9c	0	20171807-47	0
591b246c-cd00-4b67-9b2d-60dfeed4ec9c	0	20171807-55	0
591b246c-cd00-4b67-9b2d-60dfeed4ec9c	0	20171807-45	-1
591b246c-cd00-4b67-9b2d-60dfeed4ec9c	0	20171807-53	1
591b246c-cd00-4b67-9b2d-60dfeed4ec9c	0	20171807-67	1
591b246c-cd00-4b67-9b2d-60dfeed4ec9c	0	20171807-33	2
ae422ef1-60b0-4dbb-ac5e-a4660ae66723	0	20181908-58	2
ae422ef1-60b0-4dbb-ac5e-a4660ae66723	0	20181908-4	2
ae422ef1-60b0-4dbb-ac5e-a4660ae66723	0	20181908-60	0
ae422ef1-60b0-4dbb-ac5e-a4660ae66723	0	20181908-39	1
e54f5bc3-cef0-4b98-be7a-11c379e0053a	0	201641-1	2
e54f5bc3-cef0-4b98-be7a-11c379e0053a	0	201641-3	0
e54f5bc3-cef0-4b98-be7a-11c379e0053a	0	201641-5	0
e54f5bc3-cef0-4b98-be7a-11c379e0053a	0	201641-6	0
732ac632-1a84-4223-8a2e-8d59f8017508	0	20171813-51	2
732ac632-1a84-4223-8a2e-8d59f8017508	0	20171813-52	2
732ac632-1a84-4223-8a2e-8d59f8017508	0	20171813-31	2
732ac632-1a84-4223-8a2e-8d59f8017508	0	20171813-30	2
01f2a21f-02c3-4a46-b4a1-91eeca022593	0	20171812-48	2
01f2a21f-02c3-4a46-b4a1-91eeca022593	0	20171812-49	2
01f2a21f-02c3-4a46-b4a1-91eeca022593	0	20171812-40	2
428caf3e-56b5-404b-a1df-b1d0c8fcb644	0	20192022-64	2
428caf3e-56b5-404b-a1df-b1d0c8fcb644	0	20192022-2	2
428caf3e-56b5-404b-a1df-b1d0c8fcb644	0	20192022-24	1
428caf3e-56b5-404b-a1df-b1d0c8fcb644	0	20192022-34	1
86314472-06f5-4f40-bb0b-b2a91e624a34	0	20181923-36	2
86314472-06f5-4f40-bb0b-b2a91e624a34	0	20181923-8	1
d74e7527-ea18-4efd-823a-0f6227e7c08c	0	20171808-28	2
d74e7527-ea18-4efd-823a-0f6227e7c08c	0	20171808-27	2
d74e7527-ea18-4efd-823a-0f6227e7c08c	0	20171808-11	2
d74e7527-ea18-4efd-823a-0f6227e7c08c	0	20171808-13	2
d74e7527-ea18-4efd-823a-0f6227e7c08c	0	20171808-5	0
d74e7527-ea18-4efd-823a-0f6227e7c08c	0	20171808-24	2
d74e7527-ea18-4efd-823a-0f6227e7c08c	0	20171808-29	1
d74e7527-ea18-4efd-823a-0f6227e7c08c	0	20171808-3	2
e2f5af2d-3d1d-48ec-bc46-4fd882904240	0	201618-19	2
e2f5af2d-3d1d-48ec-bc46-4fd882904240	0	201618-12	2
e2f5af2d-3d1d-48ec-bc46-4fd882904240	0	201618-9	2
e2f5af2d-3d1d-48ec-bc46-4fd882904240	0	201618-2	2
e2f5af2d-3d1d-48ec-bc46-4fd882904240	0	201618-22	0
e2f5af2d-3d1d-48ec-bc46-4fd882904240	0	201618-16	0
e2f5af2d-3d1d-48ec-bc46-4fd882904240	0	201618-14	1
e2f5af2d-3d1d-48ec-bc46-4fd882904240	0	201618-13	1
e2f5af2d-3d1d-48ec-bc46-4fd882904240	0	201618-10	1
c43d07f2-006f-4a18-a4c1-47f279bfdbdb	0	201632-26	2
c43d07f2-006f-4a18-a4c1-47f279bfdbdb	0	201632-27	0
c43d07f2-006f-4a18-a4c1-47f279bfdbdb	0	201632-25	0
c43d07f2-006f-4a18-a4c1-47f279bfdbdb	0	201632-3	0
01704a22-b713-43e5-bb1c-d5c9b2105104	0	201619-22	2
01704a22-b713-43e5-bb1c-d5c9b2105104	0	201619-4	2
01704a22-b713-43e5-bb1c-d5c9b2105104	0	201619-15	2
01704a22-b713-43e5-bb1c-d5c9b2105104	0	201619-14	1
01704a22-b713-43e5-bb1c-d5c9b2105104	0	201619-13	0
c94e9bc4-9558-4ecc-b0c1-43ef6687b3d2	0	20171821-22	2
c94e9bc4-9558-4ecc-b0c1-43ef6687b3d2	0	20171821-21	2
c94e9bc4-9558-4ecc-b0c1-43ef6687b3d2	0	20171821-3	2
c94e9bc4-9558-4ecc-b0c1-43ef6687b3d2	0	20171821-4	2
0a4ac9eb-5898-4c0f-958e-d4fe40dbc45f	0	201624-17	2
0a4ac9eb-5898-4c0f-958e-d4fe40dbc45f	0	201624-9	2
0a4ac9eb-5898-4c0f-958e-d4fe40dbc45f	0	201624-14	1
9ee56cae-ccf6-4870-8f98-2f00eee9bc74	0	20171820-10	2
9ee56cae-ccf6-4870-8f98-2f00eee9bc74	0	20171820-4	2
48fb76bf-a673-4c39-91e6-4111f942ade0	0	201625-3	2
3c4ce120-f18c-4a79-b596-8808b8236cdf	0	201626-35	2
bc159145-7963-4bca-87dc-0e9d00e0535d	0	20192021-39	2
bc159145-7963-4bca-87dc-0e9d00e0535d	0	20192021-38	2
bc159145-7963-4bca-87dc-0e9d00e0535d	0	20192021-26	2
bc159145-7963-4bca-87dc-0e9d00e0535d	0	20192021-2	2
bc159145-7963-4bca-87dc-0e9d00e0535d	0	20192021-13	0
bc159145-7963-4bca-87dc-0e9d00e0535d	0	20192021-21	0
bc159145-7963-4bca-87dc-0e9d00e0535d	0	20192021-25	2
6db7b6ff-dbdd-4930-b241-0c9f9f564186	0	20192020-22	2
6db7b6ff-dbdd-4930-b241-0c9f9f564186	0	20192020-23	0
6db7b6ff-dbdd-4930-b241-0c9f9f564186	0	20192020-33	0
6db7b6ff-dbdd-4930-b241-0c9f9f564186	0	20192020-62	0
6db7b6ff-dbdd-4930-b241-0c9f9f564186	0	20192020-50	-1
6db7b6ff-dbdd-4930-b241-0c9f9f564186	0	20192020-38	0
6db7b6ff-dbdd-4930-b241-0c9f9f564186	0	20192020-63	0
3f1f437a-1b76-48d4-aa77-444f5885fe5d	0	20192008-26	2
3f1f437a-1b76-48d4-aa77-444f5885fe5d	0	20192008-7	1
3f1f437a-1b76-48d4-aa77-444f5885fe5d	0	20192008-2	2
3f1f437a-1b76-48d4-aa77-444f5885fe5d	0	20192008-8	0
3f1f437a-1b76-48d4-aa77-444f5885fe5d	0	20192008-33	2
0b97f920-728f-4449-a30a-8510bed46c7f	0	20192005-2	2
0b97f920-728f-4449-a30a-8510bed46c7f	0	20192005-3	2
0b97f920-728f-4449-a30a-8510bed46c7f	0	20192005-4	0
2f495666-3dcb-4059-93ef-0d8f767c2168	0	201642-5	2
2f495666-3dcb-4059-93ef-0d8f767c2168	0	201642-4	2
2f495666-3dcb-4059-93ef-0d8f767c2168	0	201642-16	0
3b93229a-ed05-46b6-bb6a-c7848a1d7854	0	20192011-3	2
3b93229a-ed05-46b6-bb6a-c7848a1d7854	0	20192011-2	1
576b529d-ed68-4ea0-8b18-886724f9a31b	0	201656-5	2
12246661-a0e2-44b1-9a4e-52cd83745906	0	20181904-2	2
d1e4acba-ef4b-419c-84f5-13d2a9030522	0	20192023-47	2
37cffa36-ed5c-4f33-80c8-e1927ade6131	0	20171804-4	2
37cffa36-ed5c-4f33-80c8-e1927ade6131	0	20171804-6	0
37cffa36-ed5c-4f33-80c8-e1927ade6131	0	20171804-10	0
37cffa36-ed5c-4f33-80c8-e1927ade6131	0	20171804-1	0
37cffa36-ed5c-4f33-80c8-e1927ade6131	0	20171804-20	0
37cffa36-ed5c-4f33-80c8-e1927ade6131	0	20171804-23	0
d056cb1d-29d8-4a10-8f1d-b82d87d2489d	0	20192027-32	2
d056cb1d-29d8-4a10-8f1d-b82d87d2489d	0	20192027-31	2
d056cb1d-29d8-4a10-8f1d-b82d87d2489d	0	20192027-30	1
d056cb1d-29d8-4a10-8f1d-b82d87d2489d	0	20192027-20	2
d056cb1d-29d8-4a10-8f1d-b82d87d2489d	0	20192027-3	0
d056cb1d-29d8-4a10-8f1d-b82d87d2489d	0	20192027-1	0
d056cb1d-29d8-4a10-8f1d-b82d87d2489d	0	20192027-19	0
d056cb1d-29d8-4a10-8f1d-b82d87d2489d	0	20192027-4	0
d056cb1d-29d8-4a10-8f1d-b82d87d2489d	0	20192027-29	0
b1456028-0322-4b8e-9794-637dc1365864	0	201658-3	2
b1456028-0322-4b8e-9794-637dc1365864	0	201658-2	2
b1456028-0322-4b8e-9794-637dc1365864	0	201658-6	2
b1456028-0322-4b8e-9794-637dc1365864	0	201658-15	2
b1456028-0322-4b8e-9794-637dc1365864	0	201658-1	0
b1456028-0322-4b8e-9794-637dc1365864	0	201658-14	2
b1456028-0322-4b8e-9794-637dc1365864	0	201658-7	0
b1456028-0322-4b8e-9794-637dc1365864	0	201658-11	2
b1456028-0322-4b8e-9794-637dc1365864	0	201658-9	0
3e3b5ff1-b6fd-421e-84a3-1677e83c4214	0	20171805-26	2
3e3b5ff1-b6fd-421e-84a3-1677e83c4214	0	20171805-25	2
3e3b5ff1-b6fd-421e-84a3-1677e83c4214	0	20171805-19	2
3e3b5ff1-b6fd-421e-84a3-1677e83c4214	0	20171805-16	0
3e3b5ff1-b6fd-421e-84a3-1677e83c4214	0	20171805-12	0
3e3b5ff1-b6fd-421e-84a3-1677e83c4214	0	20171805-2	2
3e3b5ff1-b6fd-421e-84a3-1677e83c4214	0	20171805-3	0
3e3b5ff1-b6fd-421e-84a3-1677e83c4214	0	20171805-8	0
45cf3c57-978e-46f9-bc86-7d557c195c35	0	20171810-13	2
45cf3c57-978e-46f9-bc86-7d557c195c35	0	20171810-12	1
45cf3c57-978e-46f9-bc86-7d557c195c35	0	20171810-6	0
68c7f19a-e840-4f31-89c3-b5d5047fd00e	0	20171811-4	2
68c7f19a-e840-4f31-89c3-b5d5047fd00e	0	20171811-1	0
928f9d91-9bf0-4d65-b334-2161dfd44c58	0	20192019-11	2
928f9d91-9bf0-4d65-b334-2161dfd44c58	0	20192019-8	0
c2dd4bf5-9e7a-4e0f-b52c-e4b96ca45361	0	20181922-1	2
c2dd4bf5-9e7a-4e0f-b52c-e4b96ca45361	0	20181922-10	0
f58dd896-43ee-49bd-b5db-3a0a412b96ce	0	20171828-2	2
b36eb60b-2c36-4945-9714-9f1d2f26ba46	0	20181919-24	2
b36eb60b-2c36-4945-9714-9f1d2f26ba46	0	20181919-14	2
b36eb60b-2c36-4945-9714-9f1d2f26ba46	0	20181919-26	2
b36eb60b-2c36-4945-9714-9f1d2f26ba46	0	20181919-27	2
b36eb60b-2c36-4945-9714-9f1d2f26ba46	0	20181919-3	2
b36eb60b-2c36-4945-9714-9f1d2f26ba46	0	20181919-20	1
b36eb60b-2c36-4945-9714-9f1d2f26ba46	0	20181919-17	0
b36eb60b-2c36-4945-9714-9f1d2f26ba46	0	20181919-21	0
b36eb60b-2c36-4945-9714-9f1d2f26ba46	0	20181919-23	0
011b1dd5-2d03-4002-b3df-86f682cf5144	0	20192024-2	2
011b1dd5-2d03-4002-b3df-86f682cf5144	0	20192024-32	2
011b1dd5-2d03-4002-b3df-86f682cf5144	0	20192024-51	2
011b1dd5-2d03-4002-b3df-86f682cf5144	0	20192024-39	2
011b1dd5-2d03-4002-b3df-86f682cf5144	0	20192024-26	0
011b1dd5-2d03-4002-b3df-86f682cf5144	0	20192024-48	0
011b1dd5-2d03-4002-b3df-86f682cf5144	0	20192024-30	0
011b1dd5-2d03-4002-b3df-86f682cf5144	0	20192024-29	1
011b1dd5-2d03-4002-b3df-86f682cf5144	0	20192024-40	1
d554ff2c-fb8c-4e8a-a7b5-6f9836793d67	0	201605-18	2
d554ff2c-fb8c-4e8a-a7b5-6f9836793d67	0	201605-15	2
d554ff2c-fb8c-4e8a-a7b5-6f9836793d67	0	201605-17	1
d554ff2c-fb8c-4e8a-a7b5-6f9836793d67	0	201605-2	0
880e95d6-04ff-4575-956d-7ddf80df0873	0	201638-21	2
880e95d6-04ff-4575-956d-7ddf80df0873	0	201638-7	0
880e95d6-04ff-4575-956d-7ddf80df0873	0	201638-20	1
880e95d6-04ff-4575-956d-7ddf80df0873	0	201638-4	1
41de796a-49fe-4c13-b43c-394f33698e97	0	201604-33	2
41de796a-49fe-4c13-b43c-394f33698e97	0	201604-29	2
41de796a-49fe-4c13-b43c-394f33698e97	0	201604-1	0
79663aa8-3d57-462b-82fe-0f1c09847fa2	0	201610-3	2
79663aa8-3d57-462b-82fe-0f1c09847fa2	0	201610-6	0
f4869f4d-8885-4d75-95e1-6dccde31b43d	0	201611-3	2
f4869f4d-8885-4d75-95e1-6dccde31b43d	0	201611-2	2
f4869f4d-8885-4d75-95e1-6dccde31b43d	0	201611-13	2
6fec11b9-2163-4c2f-9291-cbddc0f8f945	0	201646-2	2
4b0151c0-a2ea-4125-9dc2-5f38681eea22	0	201614-22	2
4b0151c0-a2ea-4125-9dc2-5f38681eea22	0	201614-23	2
4b0151c0-a2ea-4125-9dc2-5f38681eea22	0	201614-15	1
4b0151c0-a2ea-4125-9dc2-5f38681eea22	0	201614-13	1
4b0151c0-a2ea-4125-9dc2-5f38681eea22	0	201614-9	0
4b0151c0-a2ea-4125-9dc2-5f38681eea22	0	201614-8	0
4b0151c0-a2ea-4125-9dc2-5f38681eea22	0	201614-14	1
4b0151c0-a2ea-4125-9dc2-5f38681eea22	0	201614-3	1
4b0151c0-a2ea-4125-9dc2-5f38681eea22	0	201614-17	1
3f4a704f-b5d3-4b3b-b22e-b242abcae97a	0	20192015-8	0
3f4a704f-b5d3-4b3b-b22e-b242abcae97a	0	20192015-7	2
3f4a704f-b5d3-4b3b-b22e-b242abcae97a	0	20192015-13	1
3f4a704f-b5d3-4b3b-b22e-b242abcae97a	0	20192015-22	0
3f4a704f-b5d3-4b3b-b22e-b242abcae97a	0	20192015-15	0
3f4a704f-b5d3-4b3b-b22e-b242abcae97a	0	20192015-4	2
3437cec8-3ac0-4266-9e64-d17e09e8d2a5	0	201615-20	2
3437cec8-3ac0-4266-9e64-d17e09e8d2a5	0	201615-12	2
3437cec8-3ac0-4266-9e64-d17e09e8d2a5	0	201615-2	2
3437cec8-3ac0-4266-9e64-d17e09e8d2a5	0	201615-10	2
3437cec8-3ac0-4266-9e64-d17e09e8d2a5	0	201615-11	0
fb72605c-2c33-4e92-ba0d-8a0f9864d6b1	0	201628-31	2
8803c93e-9ac7-4769-ae00-e4f973e65028	0	plant_and_soil-101007BF02185573-3	2
8803c93e-9ac7-4769-ae00-e4f973e65028	0	plant_and_soil-101007BF02185573-4	2
8803c93e-9ac7-4769-ae00-e4f973e65028	0	plant_and_soil-101007BF02185573-49	1
8803c93e-9ac7-4769-ae00-e4f973e65028	0	plant_and_soil-101007BF02185573-95	2
8803c93e-9ac7-4769-ae00-e4f973e65028	0	plant_and_soil-101007BF02185573-45	0
8803c93e-9ac7-4769-ae00-e4f973e65028	0	plant_and_soil-101007BF02185573-52	0
8803c93e-9ac7-4769-ae00-e4f973e65028	0	plant_and_soil-101007BF02185573-59	1
8803c93e-9ac7-4769-ae00-e4f973e65028	0	plant_and_soil-101007BF02185573-60	2
8803c93e-9ac7-4769-ae00-e4f973e65028	0	plant_and_soil-101007BF02185573-34	1
761109b1-20f7-40a8-88d6-298db6609b7e	0	journal_of_agronomy_and_crop_science-101111j1439-037x1998tb00372x-7	2
761109b1-20f7-40a8-88d6-298db6609b7e	0	journal_of_agronomy_and_crop_science-101111j1439-037x1998tb00372x-8	2
761109b1-20f7-40a8-88d6-298db6609b7e	0	journal_of_agronomy_and_crop_science-101111j1439-037x1998tb00372x-79	2
761109b1-20f7-40a8-88d6-298db6609b7e	0	journal_of_agronomy_and_crop_science-101111j1439-037x1998tb00372x-76	2
761109b1-20f7-40a8-88d6-298db6609b7e	0	journal_of_agronomy_and_crop_science-101111j1439-037x1998tb00372x-54	2
761109b1-20f7-40a8-88d6-298db6609b7e	0	journal_of_agronomy_and_crop_science-101111j1439-037x1998tb00372x-59	0
761109b1-20f7-40a8-88d6-298db6609b7e	0	journal_of_agronomy_and_crop_science-101111j1439-037x1998tb00372x-46	0
761109b1-20f7-40a8-88d6-298db6609b7e	0	journal_of_agronomy_and_crop_science-101111j1439-037x1998tb00372x-6	2
761109b1-20f7-40a8-88d6-298db6609b7e	0	journal_of_agronomy_and_crop_science-101111j1439-037x1998tb00372x-77	1
59529173-9d91-4ec5-a742-ada97cc0ecd6	0	nutrient_cycling_in_agroecosystems-101007BF01055398-3	2
59529173-9d91-4ec5-a742-ada97cc0ecd6	0	nutrient_cycling_in_agroecosystems-101007BF01055398-26	2
59529173-9d91-4ec5-a742-ada97cc0ecd6	0	nutrient_cycling_in_agroecosystems-101007BF01055398-23	2
59529173-9d91-4ec5-a742-ada97cc0ecd6	0	nutrient_cycling_in_agroecosystems-101007BF01055398-20	1
59529173-9d91-4ec5-a742-ada97cc0ecd6	0	nutrient_cycling_in_agroecosystems-101007BF01055398-13	0
59529173-9d91-4ec5-a742-ada97cc0ecd6	0	nutrient_cycling_in_agroecosystems-101007BF01055398-29	1
59529173-9d91-4ec5-a742-ada97cc0ecd6	0	nutrient_cycling_in_agroecosystems-101007BF01055398-21	1
59529173-9d91-4ec5-a742-ada97cc0ecd6	0	nutrient_cycling_in_agroecosystems-101007BF01055398-24	1
59529173-9d91-4ec5-a742-ada97cc0ecd6	0	nutrient_cycling_in_agroecosystems-101007BF01055398-5	2
b60ae4d2-d3e8-4d36-9eef-444277cea96d	0	20192025-65	2
b60ae4d2-d3e8-4d36-9eef-444277cea96d	0	20192025-58	1
b60ae4d2-d3e8-4d36-9eef-444277cea96d	0	20192025-56	0
b60ae4d2-d3e8-4d36-9eef-444277cea96d	0	20192025-57	1
b60ae4d2-d3e8-4d36-9eef-444277cea96d	0	20192025-52	0
b60ae4d2-d3e8-4d36-9eef-444277cea96d	0	20192025-61	0
b60ae4d2-d3e8-4d36-9eef-444277cea96d	0	20192025-55	1
b60ae4d2-d3e8-4d36-9eef-444277cea96d	0	20192025-12	0
b60ae4d2-d3e8-4d36-9eef-444277cea96d	0	20192025-54	0
8bfccbab-fdc1-4a20-9099-05a4ad0dcd12	0	20171821-21	2
8bfccbab-fdc1-4a20-9099-05a4ad0dcd12	0	20171821-3	2
77bd9ff8-9a90-4a53-901a-98b60511a7cb	0	20192015-24	2
77bd9ff8-9a90-4a53-901a-98b60511a7cb	0	20192015-23	1
8c864cab-bddc-495f-bca9-1b3f864240fc	0	20171827-5	2
01dfeeb3-d2e7-49fd-a885-ac2b3adc1412	0	442-10	2
e73b48bd-0ccf-4979-8594-02e9949b5cf5	0	20192028-30	1
e73b48bd-0ccf-4979-8594-02e9949b5cf5	0	20192028-32	2
e73b48bd-0ccf-4979-8594-02e9949b5cf5	0	20192028-31	1
e73b48bd-0ccf-4979-8594-02e9949b5cf5	0	20192028-27	1
e73b48bd-0ccf-4979-8594-02e9949b5cf5	0	20192028-8	0
e73b48bd-0ccf-4979-8594-02e9949b5cf5	0	20192028-7	0
e73b48bd-0ccf-4979-8594-02e9949b5cf5	0	20192028-24	1
e73b48bd-0ccf-4979-8594-02e9949b5cf5	0	20192028-23	1
e73b48bd-0ccf-4979-8594-02e9949b5cf5	0	20192028-2	0
94f68775-ef65-4df4-b7d5-1dcf21dfbe02	0	20181914-3	1
94f68775-ef65-4df4-b7d5-1dcf21dfbe02	0	20181914-4	1
94f68775-ef65-4df4-b7d5-1dcf21dfbe02	0	20181914-21	1
94f68775-ef65-4df4-b7d5-1dcf21dfbe02	0	20181914-18	1
94f68775-ef65-4df4-b7d5-1dcf21dfbe02	0	20181914-25	-1
94f68775-ef65-4df4-b7d5-1dcf21dfbe02	0	20181914-23	1
94f68775-ef65-4df4-b7d5-1dcf21dfbe02	0	20181914-27	1
94f68775-ef65-4df4-b7d5-1dcf21dfbe02	0	20181914-30	0
94f68775-ef65-4df4-b7d5-1dcf21dfbe02	0	20181914-19	2
aeaac4f9-b85d-4cf5-9c76-621afcf18575	0	20181921-3	1
aeaac4f9-b85d-4cf5-9c76-621afcf18575	0	20181921-2	2
aeaac4f9-b85d-4cf5-9c76-621afcf18575	0	20181921-25	0
aeaac4f9-b85d-4cf5-9c76-621afcf18575	0	20181921-17	1
aeaac4f9-b85d-4cf5-9c76-621afcf18575	0	20181921-22	2
aeaac4f9-b85d-4cf5-9c76-621afcf18575	0	20181921-27	1
aeaac4f9-b85d-4cf5-9c76-621afcf18575	0	20181921-24	0
318080c6-1268-4959-bccf-2a827d774e20	0	20181921-2	1
318080c6-1268-4959-bccf-2a827d774e20	0	20181921-3	2
318080c6-1268-4959-bccf-2a827d774e20	0	20181921-22	1
318080c6-1268-4959-bccf-2a827d774e20	0	20181921-24	1
318080c6-1268-4959-bccf-2a827d774e20	0	20181921-25	1
1b90157f-3fe7-4498-9b96-9f37435fedf2	0	150703-28	2
1b90157f-3fe7-4498-9b96-9f37435fedf2	0	150703-187	2
1b90157f-3fe7-4498-9b96-9f37435fedf2	0	150703-160	1
1b90157f-3fe7-4498-9b96-9f37435fedf2	0	150703-159	0
1b90157f-3fe7-4498-9b96-9f37435fedf2	0	150703-188	2
1b90157f-3fe7-4498-9b96-9f37435fedf2	0	150703-29	1
1b90157f-3fe7-4498-9b96-9f37435fedf2	0	150703-151	1
1b90157f-3fe7-4498-9b96-9f37435fedf2	0	150703-178	0
1b90157f-3fe7-4498-9b96-9f37435fedf2	0	150703-122	0
c90ba6eb-5391-4d9d-a8b7-6b5c2028f1ba	0	150703-26	2
c90ba6eb-5391-4d9d-a8b7-6b5c2028f1ba	0	150703-156	2
c90ba6eb-5391-4d9d-a8b7-6b5c2028f1ba	0	150703-86	2
c90ba6eb-5391-4d9d-a8b7-6b5c2028f1ba	0	150703-155	1
c90ba6eb-5391-4d9d-a8b7-6b5c2028f1ba	0	150703-131	0
c90ba6eb-5391-4d9d-a8b7-6b5c2028f1ba	0	150703-127	1
c90ba6eb-5391-4d9d-a8b7-6b5c2028f1ba	0	150703-186	2
c90ba6eb-5391-4d9d-a8b7-6b5c2028f1ba	0	150703-121	0
c90ba6eb-5391-4d9d-a8b7-6b5c2028f1ba	0	150703-89	0
2d6619bb-4a29-45b7-8e77-4a2e0d01c245	0	20192013-3	2
2d6619bb-4a29-45b7-8e77-4a2e0d01c245	0	20192013-24	0
2d6619bb-4a29-45b7-8e77-4a2e0d01c245	0	20192013-2	0
2d6619bb-4a29-45b7-8e77-4a2e0d01c245	0	20192013-5	0
2d6619bb-4a29-45b7-8e77-4a2e0d01c245	0	20192013-16	1
2d6619bb-4a29-45b7-8e77-4a2e0d01c245	0	20192013-4	2
2d6619bb-4a29-45b7-8e77-4a2e0d01c245	0	20192013-17	2
2d6619bb-4a29-45b7-8e77-4a2e0d01c245	0	20192013-1	0
82e03fce-5d03-4d30-915e-cca13a0bedb1	0	150703-27	2
82e03fce-5d03-4d30-915e-cca13a0bedb1	0	150703-157	0
82e03fce-5d03-4d30-915e-cca13a0bedb1	0	150703-158	1
82e03fce-5d03-4d30-915e-cca13a0bedb1	0	150703-185	2
82e03fce-5d03-4d30-915e-cca13a0bedb1	0	150703-127	0
82e03fce-5d03-4d30-915e-cca13a0bedb1	0	150703-107	2
82e03fce-5d03-4d30-915e-cca13a0bedb1	0	150703-187	1
3ca34ce7-4fc7-45b6-ba8b-d1bc42a82902	0	20192014-5	2
7f5eda26-950d-4038-a3b9-d72e213cfed6	0	150703-189	0
7f5eda26-950d-4038-a3b9-d72e213cfed6	0	150703-161	2
7f5eda26-950d-4038-a3b9-d72e213cfed6	0	150703-29	2
7f5eda26-950d-4038-a3b9-d72e213cfed6	0	150703-160	2
7f5eda26-950d-4038-a3b9-d72e213cfed6	0	150703-95	1
7f5eda26-950d-4038-a3b9-d72e213cfed6	0	150703-30	1
7f5eda26-950d-4038-a3b9-d72e213cfed6	0	150703-155	0
7f5eda26-950d-4038-a3b9-d72e213cfed6	0	150703-26	0
7f5eda26-950d-4038-a3b9-d72e213cfed6	0	150703-28	1
cf339535-3afe-4d36-b113-6350197c274b	0	3847-10	2
cf339535-3afe-4d36-b113-6350197c274b	0	3847-4	2
cf339535-3afe-4d36-b113-6350197c274b	0	3847-32	2
0b848f86-8160-4512-bd54-2239d9ba07c1	0	nutrient_cycling_in_agroecosystems-101007s1070501295367-103	2
0b848f86-8160-4512-bd54-2239d9ba07c1	0	nutrient_cycling_in_agroecosystems-101007s1070501295367-72	0
0b848f86-8160-4512-bd54-2239d9ba07c1	0	nutrient_cycling_in_agroecosystems-101007s1070501295367-73	2
0b848f86-8160-4512-bd54-2239d9ba07c1	0	nutrient_cycling_in_agroecosystems-101007s1070501295367-89	0
0b848f86-8160-4512-bd54-2239d9ba07c1	0	nutrient_cycling_in_agroecosystems-101007s1070501295367-79	1
0b848f86-8160-4512-bd54-2239d9ba07c1	0	nutrient_cycling_in_agroecosystems-101007s1070501295367-78	1
0b848f86-8160-4512-bd54-2239d9ba07c1	0	nutrient_cycling_in_agroecosystems-101007s1070501295367-17	1
0b848f86-8160-4512-bd54-2239d9ba07c1	0	nutrient_cycling_in_agroecosystems-101007s1070501295367-49	-1
0b848f86-8160-4512-bd54-2239d9ba07c1	0	nutrient_cycling_in_agroecosystems-101007s1070501295367-53	2
b008a3e3-37af-4b6b-8be6-07e929649b55	0	1377-5	2
b008a3e3-37af-4b6b-8be6-07e929649b55	0	1377-4	2
b008a3e3-37af-4b6b-8be6-07e929649b55	0	1377-20	1
b008a3e3-37af-4b6b-8be6-07e929649b55	0	1377-18	1
b008a3e3-37af-4b6b-8be6-07e929649b55	0	1377-11	0
b008a3e3-37af-4b6b-8be6-07e929649b55	0	1377-21	1
b008a3e3-37af-4b6b-8be6-07e929649b55	0	1377-46	1
b008a3e3-37af-4b6b-8be6-07e929649b55	0	1377-30	1
b008a3e3-37af-4b6b-8be6-07e929649b55	0	1377-14	1
bd1fb3d9-dc37-44d7-81e4-2373ccd86ee0	0	525-12	2
bd1fb3d9-dc37-44d7-81e4-2373ccd86ee0	0	525-10	1
bd1fb3d9-dc37-44d7-81e4-2373ccd86ee0	0	525-42	2
bd1fb3d9-dc37-44d7-81e4-2373ccd86ee0	0	525-19	2
bd1fb3d9-dc37-44d7-81e4-2373ccd86ee0	0	525-53	2
bd1fb3d9-dc37-44d7-81e4-2373ccd86ee0	0	525-11	2
bd1fb3d9-dc37-44d7-81e4-2373ccd86ee0	0	525-57	1
bd1fb3d9-dc37-44d7-81e4-2373ccd86ee0	0	525-44	2
bd1fb3d9-dc37-44d7-81e4-2373ccd86ee0	0	525-25	1
6504fbbc-d62f-4ce5-aa73-756b526daa94	0	5016-14760-1379	2
6504fbbc-d62f-4ce5-aa73-756b526daa94	0	5016-14760-1378	2
8f2f1f17-71ae-4b27-8601-52e04f7df2e7	0	1082-11	2
8f2f1f17-71ae-4b27-8601-52e04f7df2e7	0	1082-22	2
8f2f1f17-71ae-4b27-8601-52e04f7df2e7	0	1082-10	2
eaa011e0-53ca-4a6f-b125-40772f58d519	0	4586-13899-33	2
eaa011e0-53ca-4a6f-b125-40772f58d519	0	4586-13899-32	2
